Multirriesgo;Seguro_Directo;Cartera
Hogar;3.81123446389682%;1.81059593161754%
Comercio;-2.52910158726205%;0.0171817553984432%
Comunidades;2.9529664096841%;1.49003646938457%
Industrial;6.86923496839216%;-0.0488181698596213%
Otros Multirriesgos;7.26763936605079%;0.0367055001484484%
